Workbook

Sheet İş Listesi
A1: BETAVUS İş Listesi
A2: Nasıl kullanılır: Yeni fikir = yeni satır, Durum "Öneri" (karar bekliyor). Claude her oturumda listeyi okur ve "Öneri" satırlarını "şimdi yapayım mı, plana mı alayım?" diye sorar. Plana alınan iş = "Açık", üzerinde çalışılan = "Devam ediyor", iş bitince Claude "Tamamlandı" yapar, Kapanış Tarihi ile Commit'i doldurur. Önce Faz 1 (teknik veri doğruluğu), sonra Faz 2 (arayüz). Excel'de düzenlemeden önce Pull, kaydettikten hemen sonra Commit + Push.
A4: No | B4: Segment | C4: Başlık | D4: Açıklama / Kapsam | E4: Kaynak | F4: Öncelik | G4: Faz | H4: Durum | I4: Sorumlu | J4: Hedef Tarih | K4: Not | L4: Eklenme Tarihi | M4: Kapanış Tarihi | N4: Commit / Yapılan
A5: 1 | B5: 1 - Teknik: Veri Doğruluğu | C5: Sanal Kasa: mental kontrol mekanizması + cashout stratejisi | D5: Günlük kayıp limiti / stop-loss, üst üste kayıpta uyarı ve bekleme süresi (tilt koruması), hedefe yaklaşınca kısmi kâr çekme (cashout) kuralları. Hesaplama js/paper_engine.js'e, gösterim Sanal Kasa ekranına. | E5: Ekip listesi (Gökhan) | F5: Yüksek | G5: Faz 1 | H5: Tamamlandı | I5: Claude (Murat) | K5: Sadeleştirildi (2026-09-26): güvenli sınır OTOMATİK (başlangıç kasası + kilitli para, kişiye sorulmaz; dayanak: zihinsel muhasebe, kasanın parası etkisi, kayıptan kaçınma). Tek satır durum + tek buton + 'Güvenli sınır nedir?' açıklaması. Kurallar 'Güven Payı Kuralları' sayfasında. | 26.09 Murat: kapatıldı. | L5: 46291 | M5: 46291 | N5: d8d4301 — Sanal Kasa'ya Duygusal Denge Koçu: stres eşiği / anapara / zirveden düşüş / kazanç serisi sinyalleri, risk profili seçenekli cash-out, elle kenara koyma, geri alma, yol haritası; tablo+grafikte 'Kenarda' (js/paper_engine.js, js/paper_ui.js). a6b9224 — güven payı kazanç eğrisi/hedef dışında; Güven Payı İşlemleri (kenara koy / kasaya geri al); Tab/Enter ile sonraki gün; girişte sayfa kaymıyor. f3e7679 — Sadeleştirme: Güven Payı kartı (tek sayı + tek buton + yol çizgisi), rahat sınır alanı, Oyundaki/Kilitli sütunları. 1f2a385 — güvenli sınır OTOMATİK (kişiye sorulmaz), kart tek satır + tek buton + açıklama; yol çizgisi ve rahat sınır alanı kaldırıldı.
A6: 2 | B6: 1 - Teknik: Veri Doğruluğu | C6: Takım kara listesi | D6: Tahminleri sistematik olarak tutmayan takımların backtest ile tespiti; bu takımların vurgulu listeden ve kupon önerilerinden çıkarılması (liste + gerekçe/isabet oranı). | E6: Ekip listesi (Gökhan) | F6: Yüksek | G6: Faz 1 | H6: Tamamlandı | K6: Sonuç negatif: geçmişte vurgusu tutmayan takımlar sonraki sezonda diğerleriyle aynı tutuyor (pazar içi fark anlamsız) → şans. Canlı koda dokunulmadı. | L6: 46291 | M6: 46291 | N6: 799a2bf — scripts/tune_team_blacklist.py: 24 ayarlı ileriye dönük test, 13.133 vurgu. Kara liste isabeti artırmıyor (en iyi +0,03 puan, anlamsız; çoğu ayarda düşürüyor). YAYINA ALINMADI.
A7: 3 | B7: 1 - Teknik: Veri Doğruluğu | C7: Kasa risk temelli kupon öneri sayfası | D7: Kasanın risk seviyesine (Minimum / Orta / Yüksek) göre maç sayısı, oran aralığı ve olasılık eşiği seçen kupon önerisi. Önce öneri mantığı backtest ile doğrulanmalı, sonra sayfa tasarımı. | E7: Ekip listesi (Gökhan) | F7: Yüksek | G7: Faz 1 | H7: Tamamlandı | K7: BEKLEMEDE (26.09, Murat): Gökhan ile konuşulacak. BACKTEST SONUCU (karar bekliyor): bugünkü profillerin hedef oranları (1.28/1.42/1.35) kuponların gerçek tutma oranından çıkan adil orandan yüksek (Minimum adil 1.15, Yüksek 1.24). Piyasa oranlarıyla ROI −9% / −15% / −13%, kasa sezonda eriyor. 137 ayardan hiçbiri eğitim+doğrulamada kârlı değil; en iyiler ≈ −1% (tek maç ÇŞ ≥%85). Karar: (a) risk seviyelerini ölçülen kurallarla ve gerçek tutma oranlarıyla gösteren, büyüme vaadi olmayan öneri sayfası (önerilen) ya da (b) mevcut profillerle devam. Sanal Kasa %10/15/25 büyüme hedefleri de aynı bulguya takılıyor. | 26.09 Murat: 'ölçülmüş kurallar' yönü seçildi, onaylandı. | L7: 46291 | M7: 46291 | N7: 87e4154 — adım 1/2 backtest: scripts/tune_coupon_profiles.py | c7b132a — Sanal Kasa'da kupon önerisi kartı (ölçülmüş kurallar, geçmiş tutma oranı, adil oran, dürüst kâr notu); build_coupon_rules.py günlük
A8: 4 | B8: 1 - Teknik: Veri Doğruluğu | C8: Canlı isabet takibi ve kalibrasyon kontrolü | D8: Gösterilen olasılık ile gerçekleşen isabet oranının pazar ve lig bazında düzenli karşılaştırılması (ör. %93,5 gösterilen maçlar gerçekte %93 mü tutuyor). | E8: Öneri (Claude - kod tabanından) | F8: Yüksek | G8: Faz 1 | H8: Tamamlandı | K8: Bulgu: vurgulu bölgede model hafif temkinli (0.5+: %94,9 dedi → %95,8; 1X: %83,9 → %87,6). Murat onayladı. | L8: 46291 | M8: 46291 | N8: 4b82ff1 — İstatistikler'e kalibrasyon kartı: pazar seçmeli grafik + tablo, vurgulu özet, ortalama sapma; filtrelere uyar, günlük güncellenir
A9: 5 | B9: 1 - Teknik: Veri Doğruluğu | C9: Avrupa kupaları (UCL/UEL/UECL) için ayrı backtest | D9: Ligler arası takım gücü farkı lig modelini bozduğu için kupalar şu an vurgudan hariç; ayrı model/backtest gerekli. | E9: Öneri (Claude - kod tabanından) | F9: Orta | G9: Faz 1 | H9: Tamamlandı | K9: Sonuç: yalnız 0.5+ lig seviyesinde tutuyor (%95,9); 1.5+/2.5+/Çifte Şans vurguları kupalarda belirgin düşük (%62–83). Kapsam %27 (iki takım da 10 ligimizde). Canlıya alınmadı; öneri → #22. | L9: 46291 | M9: 46291 | N9: f762bc7 — ESPN'den 2.314 kupa maçı, lig katsayılı ayrı model, 520 maçlık ileriye dönük test
A10: 6 | B10: 1 - Teknik: Veri Doğruluğu | C10: Veri akışı doğrulama (saatlik bot) | D10: Saatlik tahmin güncellemesinde eksik/yinelenen maç, yanlış saat, sonuçlanmamış skor gibi durumların otomatik kontrolü. | E10: Öneri (Claude - kod tabanından) | F10: Orta | G10: Faz 1 | H10: Tamamlandı | K10: İlk çalışmada bulgu: LaLiga Levante-Athletic 16.09 hiç notlanmamış (football-data/ESPN'de yok → ertelenmiş ya da hayalet fikstür). Uyarılar: GitHub → Actions → çalışma özeti. | L10: 46291 | M10: 46291 | N10: da16191 — scripts/validate_data.py: hata (yayını durdurur) + uyarı (Actions özeti) kontrolleri, test_validate_data.py 7 senaryo; CI'da yeşil | 952d698 — botun push öncesi rebase'i (çift push'ta kırmızı düşen çalışmalar)
A11: 7 | B11: 1 - Teknik: Veri Doğruluğu | C11: Otomatik testlerin güncellenmesi | D11: scripts/test_paper_betting.py 10. ve sonraki testler eski Sanal Kasa ekranını kontrol ediyor ve başarısız; yeni tasarıma göre güncellenmeli. | E11: Öneri (Claude - kod tabanından) | F11: Düşük | G11: Faz 1 | H11: Tamamlandı | I11: Claude (Murat) | K11: TEST 10 menü (4 sekme), 12 Güven Payı motoru, 13 Sanal Kasa ekranı + kilitleme + Tab, 14 kapatılan kasa yeniden aç/sil + senkron, 16 üst menü TR/EN/NL taşma. Gizli sekmelerin eski ekran testleri (sim-kupon, rec, cpn) kaldırıldı. 34 kontrol geçiyor. | L11: 46291 | M11: 46291 | N11: 905890e — scripts/test_paper_betting.py testleri 10-16 yeniden yazıldı | 58059dd — kalan 4 test paketi de düzeltildi (dil sabitleme, kalkan vurgu seçici, X2 %78, Belçika sonrası toplam), 3 eski test silindi; scripts/run_tests.py ile 5/5 geçiyor
A12: 8 | B12: 2 - Arayüz: Kullanılabilirlik & Profesyonel Görünüm | C12: Rakip siteleri inceleyerek iyi yön analizi | D12: Benzer tahmin/istatistik sitelerinin güçlü yanlarının (sunum, filtreleme, güven göstergesi, mobil deneyim) listelenmesi ve BETAVUS'a uygulanabilecek maddelerin çıkarılması. Faz 2'nin yol haritasını belirler. | E12: Ekip listesi (Gökhan) | F12: Yüksek | G12: Faz 2 | H12: Tamamlandı | K12: Çıkan öneriler: #9, #10, #17 gün şeridi, #18 biten maç tahmin yanında, #19 olasılık çubuğu; telefonda alt menü → #16. | L12: 46291 | M12: 46291 | N12: 8199d3a — docs/rakip-analizi.md: 9 site masaüstü+telefon incelendi; korunacaklar, uygulanacaklar (öncelikli), yapılmamalılar
A13: 9 | B13: 2 - Arayüz: Kullanılabilirlik & Profesyonel Görünüm | C13: Lig filtre görselini düzelt | D13: Lig filtresinin görünümü ve kullanımının iyileştirilmesi (hizalama, seçili durum, mobilde kullanım). | E13: Ekip listesi (Gökhan) | F13: Orta | G13: Faz 2 | H13: Tamamlandı | K13: 26.09: bayraklı düğme şeridi denendi, Murat'ın isteğiyle geri alındı (b4e7365). Açılır liste eski hâlinde; yeni yön konuşulacak. | Murat onayladı. | L13: 46291 | M13: 46291 | N13: 1d8c5d2 — 'Tüm ligler' açılır listesi modern panel (bayrak, maç sayısı, seçili işaret; telefonda alttan açılır), Fikstür + İstatistikler
A14: 10 | B14: 2 - Arayüz: Kullanılabilirlik & Profesyonel Görünüm | C14: Ana sayfa arka planını geliştir | D14: Ana sayfa arka planının daha profesyonel hale getirilmesi; açık/koyu tema ve mobilde kontrol. | E14: Ekip listesi (Gökhan) | F14: Orta | G14: Faz 2 | H14: Tamamlandı | K14: 5 seçenek (A marka şeritleri, B yumuşak ışık, C taktik saha, D kümülatif artış, E saha+artış) önizlendi; Murat C'yi seçti. Esin: Hudl StatsBomb, Stats Perform, Understat, Opta Analyst. | 26.09: saha + top çizimi Murat'ın isteğiyle şimdilik kaldırıldı (483d0a9); geri almak için f0a4928. | L14: 46291 | M14: 46291 | N14: 1076a19 — seçenek C 'taktik saha' (silik saha, pas okları, şut noktaları, radar); açık/koyu tema, 1366/820/390 px kontrol | f0a4928 — futbol topu eklendi (C1: şut çekilmiş top)
A15: 11 | B15: 2 - Arayüz: Kullanılabilirlik & Profesyonel Görünüm | C15: Mobil görünüm kontrolü | D15: Sanal Kasa kutucuklarında daha önce görülen taşma sorununun yeni tasarımda kontrolü; tüm sekmelerin telefon genişliğinde incelenmesi. | E15: Öneri (Claude - kod tabanından) | F15: Orta | G15: Faz 2 | H15: Tamamlandı | K15: Bulgu → #16 (mobilde üst başlık alanı). TR sayı biçimi tutarsızlığı (91.9% / %91,9) #13 kapsamında. | L15: 46291 | M15: 46291 | N15: 80c00f6 — 3 dil × 360/390/414 px × 4 sekme otomatik tarandı (yatay taşma yok) + ekran görüntüleri incelendi; Sanal Kasa günlük tablosunda Gün sütunu yatay kaydırmada sabitlendi
A16: 12 | B16: 2 - Arayüz: Kullanılabilirlik & Profesyonel Görünüm | C16: "Hesabımı sil" butonu | D16: Gizlilik sayfası hesap silmenin mümkün olduğunu söylüyor ama bir yol göstermiyor; Supabase'de SQL fonksiyonu + buton gerekli. | E16: Öneri (Claude - kod tabanından) | F16: Orta | G16: Faz 2 | H16: Tamamlandı | K16: 26.09: supabase/hesap_silme.sql Supabase SQL Editor'de çalıştırıldı; canlıda doğrulandı (giriş yapmadan çağrı 'permission denied' veriyor = fonksiyon kurulu, yetki kısıtı doğru). Gerçek bir hesapla uçtan uca deneme henüz yapılmadı. | L16: 46291 | M16: 46291 | N16: 27f7107 — Hesabım > Hesabımı sil (kullanıcı adı onaylı, 'bu cihazdaki verileri de sil' seçeneği), supabase/hesap_silme.sql, gizlilik sayfası TR/EN/NL, test_delete_account.py 3 senaryo; canlıya yayında
A17: 13 | B17: 2 - Arayüz: Kullanılabilirlik & Profesyonel Görünüm | C17: Hollandaca çevirilerin gözden geçirilmesi | D17: NL metinlerinin anadili Hollandaca olan biri tarafından kontrolü. | E17: Öneri (Claude - kod tabanından) | F17: Düşük | G17: Faz 2 | H17: Tamamlandı | K17: Anadili Hollandaca biri isterse ayrıca üslup kontrolü yapabilir; bariz hata kalmadı. TR'de tablo yüzdeleri '95.9%', şeritte '%91,9' — i18n.js'te bilinçli 'Türkçe görünüm değişmez' kararı, değiştirilmedi. | L17: 46291 | M17: 46291 | N17: 907518a — NL/EN otomatik tarama (sekmeler + maç detayı + giriş penceresi): çevrilmemiş metin yok; 399 NL girişi okundu, 4 hata düzeltildi (puan tablosu 'G' çakışması, trefkans→trefpercentage, Totale start/sluiting, yaş mesajı 3 dilde)
A18: 14 | B18: 2 - Arayüz: Kullanılabilirlik & Profesyonel Görünüm | C18: Kapatılan kasayı yeniden aç / sil | D18: Yanlışlıkla oluşturulan veya hatalı girilen kasalar için Kapatılan Kasalar listesinde "Yeniden aç" (düzeltip tekrar kapatma) ve "Sil" butonları; senkronizasyonda silinen kasa geri gelmez. | E18: Murat | F18: Orta | G18: Faz 2 | H18: Tamamlandı | I18: Claude (Murat) | K18: 26.09 Murat: kapatıldı. | L18: 46291 | M18: 46291 | N18: f3e7679 — (js/paper_engine.js reopenClosedPlan/deleteClosedPlan, js/auth_sync.js)
A19: 15 | B19: 2 - Arayüz: Kullanılabilirlik & Profesyonel Görünüm | C19: NL dilinde üst menü taşması | D19: Hollandaca seçiliyken 1280 px genişlikte üst menüdeki hesap butonu sayfayı ~80 px yatay taşırıyor (tüm sekmelerde). Test sırasında bulundu. | E19: Öneri (Claude - test sırasında) | F19: Düşük | G19: Faz 2 | H19: Tamamlandı | I19: Claude (Murat) | K19: Tüm dillerde: menü sığmazsa önce kompakt (alt yazılar gizli), yine sığmazsa iki satır. EN artık tek satır, NL geniş ekranda iki satır; hiçbir genişlikte yatay taşma yok. | L19: 46291 | M19: 46291 | N19: add4e73 — üst menü sığdırma (compact/wrapped) + NL Wedstrijden
A20: 16 | B20: 2 - Arayüz: Kullanılabilirlik & Profesyonel Görünüm | C20: Mobilde üst başlık alanını küçült | D20: Telefonda (360 px) üst bar + sekmeler (~165 px) ve 'Betting Analysis, Variance & Uncertainty System' bandı + 3 özellik çipi (~140 px) her sekmede tekrar ediyor; ilk içerik ekranın ~%40'ından sonra başlıyor. Öneri: telefonda bant/çipleri yalnızca Fikstür'de göster veya tek satıra indir. Ayrıca TR arayüzde çipler İngilizce (AI-powered vb.) — bilinçli mi? | E20: Claude (#11 mobil kontrolden) | F20: Orta | G20: Faz 2 | H20: Tamamlandı | K20: #8 rakip analizi: Forebet telefonda sekmeleri alt menü çubuğuna almış; üst başlık küçülür, sekmeler başparmak altında. | L20: 46291 | M20: 46291 | N20: 0ace88d — telefonda menü 165→96 px, başlık bandı yalnız Fikstür'de; İstatistikler/FAQ ilk içerik 321→100 px
A21: 17 | B21: 2 - Arayüz: Kullanılabilirlik & Profesyonel Görünüm | C21: Fikstür'de gün şeridi | D21: 'Tüm günler' takvim butonu yerine Bugün · Yarın · Cmt · Paz … düğmeleri, her günün maç sayısıyla (PredictZ, WinDrawWin, Over25Tips, Forebet). Bir dokunuşla gün seçimi. | E21: Claude (#8 rakip analizi) | F21: Orta | G21: Faz 2 | H21: Tamamlandı | K21: Murat onayladı (26.09). | L21: 46291 | M21: 46291 | N21: f7c1a29
A22: 18 | B22: 2 - Arayüz: Kullanılabilirlik & Profesyonel Görünüm | C22: Biten maçı tahminin yanında göster | D22: Fikstür'de oynanmış maçın skoru ve vurgunun tutup tutmadığı aynı satırda (Forebet). Geçmiş performans şeridini her maçta somutlaştırır. #4 ile birlikte düşünülmeli. | E22: Claude (#8 rakip analizi) | F22: Orta | G22: Faz 2 | H22: Tamamlandı | K22: Murat onayladı (26.09). | L22: 46291 | M22: 46291 | N22: f7c1a29
A23: 19 | B23: 2 - Arayüz: Kullanılabilirlik & Profesyonel Görünüm | C23: Maç detayında olasılık çubuğu | D23: Yüzdelerin yanında ince çubuk (ThePuntersPage 1-X-2 çubuğu, Adam Choi yüzde çubuğu); bir bakışta okunur. | E23: Claude (#8 rakip analizi) | F23: Düşük | G23: Faz 2 | H23: Tamamlandı | K23: Murat onayladı (26.09). | L23: 46291 | M23: 46291 | N23: f7c1a29
A24: 20 | B24: 1 - Teknik: Veri Doğruluğu | C24: Gol pazarları (0.5+/1.5+) için gerçek oran verisi | D24: Kupon önerisine gol kuponu eklemek için 0.5/1.5 Üst gerçek kapanış oranları gerekli (football-data'da yok). Aday: Footiqo tüm ligler veri seti €59,99 (1xBet kapanış, 2015/16+, O05/O15 sütunları doğrulandı). OddsPapi yalnız 2026+. Veri gelince tune_coupon_profiles ile gerçek oranlı test, sonra kartta Gol kuponu satırı. | E24: Murat (26.09) | F24: Orta | G24: Faz 1 | H24: Test | K24: PARK EDİLDİ (26.09, Murat): satın alma kararı bekliyor, Murat geri dönecek. | 27.09: Ücretsiz geçmiş 0.5/1.5 oran kaynağı bulunamadı (Kaggle/football-data.org/SharpAPI yok). Ücretsiz ileriye dönük seçenek: 5dollarfootballapi.com (Bet365 O0.5–9.5, yalnız 26.09.2026'dan beri, ücretsiz planda büyük 5 lig, maç başına sorgu). Murat hesap açıp anahtarı GitHub secret FIVEDOLLAR_API_KEY olarak eklerse bot bağlanacak. Alternatif: Footiqo €59,99 geçmiş veri. | 27.09 12:09 UTC: FIVEDOLLAR_API_KEY Actions secret'ı eklendi (doğrulandı). Sıradaki adım: bota 5DollarFootballAPI O0.5/O1.5 çekme adımı eklemek. | 27.09: bot bağlandı (95957ef, 7d27614): scripts/fetch_goal_odds.py saatte ≤40 istek, 5 lig kimliği bulundu, oranlar data/goal-odds.json, kupon 0.5+/1.5+ için gerçek Bet365 oranını kullanıyor. Uluslararası ara: ilk gerçek oranlar 9–10 Ekim maçlarında; o hafta goal-odds.json dolu mu ve kuponda "tahmini" yazısı kalkıyor mu kontrol edilecek, sonra Tamamlandı. | L24: 46291 | N24: 95957ef + 7d27614 Bet365 O0.5/O1.5 çekme adımı + kupona bağlama
A25: 21 | B25: 1 - Teknik: Veri Doğruluğu | C25: Kupon önerisi: kasa hedef oranına göre kupon kur | D25: Sanal Kasa günlük büyüme hedefi için gereken oran (1 + hedef / kupon payı: Minimum 1,40 · Orta 1,30 · Yüksek 1,50) önerilen kuponlardan yüksek (1,07 / 1,23 / 1,38). Kasanın risk profiline göre gereken orana ulaşana kadar maç ekleyen kupon; kuralın geçmiş tutma oranı ve getirisi gerçek oranlarla gösterilir (beklenti eksi olabilir, açıkça yazılır). | E25: Murat (26.09) | F25: Yüksek | G25: Faz 1 | H25: Tamamlandı | K25: Murat onayladı. İlk 'geçmiş öneriler' sonuçları 9-10 Ekim maçlarından sonra. 0.5+/1.5+ oranları tahmini (#20). | L25: 46291 | M25: 46291 | N25: aa45446 — tüm vurgulu tahminlerden hedef orana ulaşan en olası kupon (≤5 maç), bot günlük kurar/dondurur/sonuçlandırır (data/coupons.json), kartta geçmiş öneriler
A26: 22 | B26: 1 - Teknik: Veri Doğruluğu | C26: Kupa maçlarını Fikstür'e yalnız 0.5+ vurgusuyla eklemek | D26: #5 backtest'ine göre kupalarda yalnız 0.5+ vurgusu lig seviyesinde tutuyor (243 vurgu, %95,9). Öneri: iki takımı da 10 ligimizden olan kupa maçlarını Fikstür'e 'Kupa' etiketiyle eklemek; yalnız 0.5+ vurgulanır, diğer olasılıklar gösterilir ama vurgulanmaz. Fikstür kaynağı ESPN (scripts/fetch_euro_results.py genişletilir), model scripts/tune_euro_backtest.py'deki lig katsayılı model. | E26: Claude (#5 backtest'ten) | F26: Orta | G26: Faz 1 | H26: Öneri | L26: 46291
A27: 23 | B27: 2 - Arayüz: Kullanılabilirlik & Profesyonel Görünüm | C27: Tutar girilince kilitleme uyarısı | D27: Sanal Kasa tablosuna tutar girilince kilitleme gerekiyorsa, Güven Payı kartı yukarıda kaldığı için kullanıcı görmüyordu; ekranın altında uyarı + tek dokunuşla kilitle. | E27: Murat (27.09) | F27: Yüksek | G27: Faz 2 | H27: Tamamlandı | L27: 46292 | M27: 46292 | N27: 3e65649 — tabloya tutar girilince kilitleme önerisi ekranın altında (kilitle / Güven Payı / kapat)
A28: 24 | B28: 2 - Arayüz: Kullanılabilirlik & Profesyonel Görünüm | C28: Kupon kartı: sabit kurallar kaldır, shuffle ekle | D28: Kartta yalnız kasa hedefine göre kupon kalsın; 'Başka kombinasyon' ile aynı risk için farklı kupon kombinasyonları gezilebilsin. Tutma olasılığını yükseltme denemesi (geçmiş isabete göre seçim) test edildi, fark gürültü düzeyinde. | E28: Murat (27.09) | F28: Yüksek | G28: Faz 2 | H28: Tamamlandı | L28: 46292 | M28: 46292 | N28: 177795b — sabit kurallar kaldırıldı; bot gün+profil başına ≤5 kombinasyon üretir, kartta 🔀 ile gezilir | abc6d98 — maçlar alt alta numaralı liste
A29: 25 | B29: 2 - Arayüz: Kullanılabilirlik & Profesyonel Görünüm | C29: Güven Payı: hedef sonrası kilitleme önerisi | D29: Hedefe ulaşılınca kilit önerisi ve düşüş uyarısı kesiliyordu; oynamaya devam edenin kazancı korumasız kalıyordu (Murat'ın tablosu: 4. günden sonra 220 € kilitli kaldı). Artık hedef bandı ışık + kilitle butonuyla birlikte görünür. | E29: Murat (27.09) | F29: Orta | G29: Faz 1 | H29: Tamamlandı | L29: 46292 | M29: 46292 | N29: 9fdc18f hedefe ulaşmak artık kilit önerisini engellemiyor + test
A30: 26 | B30: 2 - Arayüz: Kullanılabilirlik & Profesyonel Görünüm | C30: Futuristik görünüm + kullanıcı dostu dokunuşlar | D30: Görünüm yönü (birini seç): A Aurora (açık tema + kayan ışık, buzlu cam) / B Koyu neon (cam paneller, parıltı) / C Saha çizgisi deseni (paralaks). Kolaylıklar: 1 mobil alt menü, 2 günün öne çıkanları kartı, 3 yükleniyor iskeleti + dolan çubuklar, 4 ilk giriş rehberi. Çalışan örnekler: https://claude.ai/artifact/6t215zEcNoZUpRh4HFWzqd | E30: Murat (27.09) | F30: Orta | G30: Faz 1 | H30: Tamamlandı | K30: Murat seçti: A Aurora + 1,2,3,4; ek istek: tüm göstergeler açılışta dolsun. | L30: 46292 | M30: 46292 | N30: 43f7728 Aurora + alt menü + günün öne çıkanları + dolan göstergeler/sayaç + ilk giriş rehberi (canlıda doğrulandı)
A31: 27 | B31: 2 - Arayüz: Kullanılabilirlik & Profesyonel Görünüm | C31: Fikstür başlığında dönen futbol topu + lig yörüngesi | D31: Başlığın sağında 3B dönen top (canvas, kesik ikosahedron, kütüphanesiz), etrafında 10 lig bayrağı yörüngede; bayrağa tıklayınca Fikstür o lige filtrelenir; kutularda canlı sayılar (bu ayki maç, vurgu isabeti, sıradaki gün) sayarak yükselir. Örnek: https://claude.ai/artifact/BK7JszNNrtiifGcp8ocsi2 | E31: Murat (27.09, Tofiko esinli) | F31: Orta | G31: Faz 1 | H31: Tamamlandı | K31: Murat: hızı düşür; sonra "kopuk duruyor" → yalnız Fikstür, küçük, sayı kutuları kaldırıldı (bandı tekrar ediyordu). Aynı turda Kasa Gelişim Grafiği de futuristik yapıldı (dolarak yükselen sütunlar, hedef eğrisi). | L31: 46292 | M31: 46292 | N31: 77db376 + 959cbdb dönen top + lig yörüngesi (yalnız Fikstür), kasa grafiği yenilendi
A32: 28 | B32: 2 - Arayüz: Kullanılabilirlik & Profesyonel Görünüm | C32: Kupon kartı: Gerçekçi beklenti ve Geçmiş öneriler kaldır | D32: Kupon önerisi kartındaki 'Gerçekçi beklenti' (1 yıllık simülasyon) ve 'Geçmiş öneriler' bölümleri kaldırılsın; kartta yalnız kupon ve özet satırı kalsın. | E32: Murat (28.09) | F32: Orta | G32: Faz 2 | H32: Tamamlandı | L32: 46293 | M32: 46293 | N32: 67347ba — coupon_suggest.js: iki bölüm ve kullanılmayan simulate/ruleFor/historyHtml kaldırıldı

Sheet Özet
A1: Özet (İş Listesi sayfasından otomatik)
A3: Segment | B3: Öneri | C3: Açık | D3: Devam ediyor | E3: Test | F3: Tamamlandı | G3: İptal | H3: Toplam | I3: Tamamlanma %
A4: 1 - Teknik: Veri Doğruluğu | B4: =COUNTIFS('İş Listesi'!$B$5:$B$500,$A4,'İş Listesi'!$H$5:$H$500,B$3) | C4: =COUNTIFS('İş Listesi'!$B$5:$B$500,$A4,'İş Listesi'!$H$5:$H$500,C$3) | D4: =COUNTIFS('İş Listesi'!$B$5:$B$500,$A4,'İş Listesi'!$H$5:$H$500,D$3) | E4: =COUNTIFS('İş Listesi'!$B$5:$B$500,$A4,'İş Listesi'!$H$5:$H$500,E$3) | F4: =COUNTIFS('İş Listesi'!$B$5:$B$500,$A4,'İş Listesi'!$H$5:$H$500,F$3) | G4: =COUNTIFS('İş Listesi'!$B$5:$B$500,$A4,'İş Listesi'!$H$5:$H$500,G$3) | H4: =SUM(B4:G4) | I4: =IF(H4-G4=0,0,F4/(H4-G4))
A5: 2 - Arayüz: Kullanılabilirlik & Profesyonel Görünüm | B5: =COUNTIFS('İş Listesi'!$B$5:$B$500,$A5,'İş Listesi'!$H$5:$H$500,B$3) | C5: =COUNTIFS('İş Listesi'!$B$5:$B$500,$A5,'İş Listesi'!$H$5:$H$500,C$3) | D5: =COUNTIFS('İş Listesi'!$B$5:$B$500,$A5,'İş Listesi'!$H$5:$H$500,D$3) | E5: =COUNTIFS('İş Listesi'!$B$5:$B$500,$A5,'İş Listesi'!$H$5:$H$500,E$3) | F5: =COUNTIFS('İş Listesi'!$B$5:$B$500,$A5,'İş Listesi'!$H$5:$H$500,F$3) | G5: =COUNTIFS('İş Listesi'!$B$5:$B$500,$A5,'İş Listesi'!$H$5:$H$500,G$3) | H5: =SUM(B5:G5) | I5: =IF(H5-G5=0,0,F5/(H5-G5))
A6: 3 - Genel / Diğer | B6: =COUNTIFS('İş Listesi'!$B$5:$B$500,$A6,'İş Listesi'!$H$5:$H$500,B$3) | C6: =COUNTIFS('İş Listesi'!$B$5:$B$500,$A6,'İş Listesi'!$H$5:$H$500,C$3) | D6: =COUNTIFS('İş Listesi'!$B$5:$B$500,$A6,'İş Listesi'!$H$5:$H$500,D$3) | E6: =COUNTIFS('İş Listesi'!$B$5:$B$500,$A6,'İş Listesi'!$H$5:$H$500,E$3) | F6: =COUNTIFS('İş Listesi'!$B$5:$B$500,$A6,'İş Listesi'!$H$5:$H$500,F$3) | G6: =COUNTIFS('İş Listesi'!$B$5:$B$500,$A6,'İş Listesi'!$H$5:$H$500,G$3) | H6: =SUM(B6:G6) | I6: =IF(H6-G6=0,0,F6/(H6-G6))
A7: Toplam | B7: =SUM(B4:B6) | C7: =SUM(C4:C6) | D7: =SUM(D4:D6) | E7: =SUM(E4:E6) | F7: =SUM(F4:F6) | G7: =SUM(G4:G6) | H7: =SUM(H4:H6) | I7: =IF(H7-G7=0,0,F7/(H7-G7))
A9: Tamamlanma % = Tamamlandı / (Toplam − İptal)

Sheet Güven Payı Kuralları
A1: Sanal Kasa — Güven Payı Kuralları
A2: Sitedeki cümle: "Kasan büyüdükçe bir kısmını kilitle. Kilitlediğin para bir daha riske girmez ama hedefine sayılır." Kullanıcı tek bir sayıya (bugünkü kupon ile rahat sınır) bakar ve tek bir butona basar. Para hareketini her zaman kullanıcı onaylar.
A4: Kural | B4: Ne zaman | C4: Ne olur | D4: Psikolojik gerekçe | E4: Değer
A5: Güvenli sınır (otomatik) | B5: Her zaman; kişiye sorulmaz | C5: Sınır = başlangıç kasası + kilitli para. Kart: "Bugünkü kuponun X €, güvenli sınırın Y €". "Güvenli sınır nedir?" altında kısa açıklama. | D5: Zihinsel muhasebe: başlangıç kasası kişinin kaybetmeyi baştan kabul ettiği bütçedir (Thaler 1999). Kasanın parası etkisi: kazançtan sonra risk fark edilmeden artar, bu yüzden sınır kazançla değil yalnızca kilitli parayla büyür (Thaler & Johnson 1990). Tutar büyüdükçe beklenen hayal kırıklığı ve temkin artar (Weber & Chapman 2005). | E5: limitGrowth = 1,0
A6: Işık | B6: Her gün kasa girildiğinde | C6: 🟢 kupon ≤ %75 sınır · 🟡 %75–100 · 🔴 sınırı geçti | D6: Tek bakışta anlaşılır; "konfor tutarının 2,5 katı" gibi hesap yok. | E6: watchRatio = %75
A7: Kilitle (tek kural) | B7: Bugünkü kupon > rahat sınır | C7: Tek buton: "🔒 X € kilitle". Kupon, sınırın dörtte birine iner. | D7: Kayıptan kaçınma: kaybın acısı kazancın keyfinden ~2,25 kat güçlü (Tversky & Kahneman 1992). Kuponu belirgin biçimde (4 kat) küçültmek bir sonraki durağa kadar rahat bir alan bırakır. | E7: resetRatio = 0,25
A8: Mola uyarısı | B8: Oyundaki kasa son kilitlemeden beri zirvesinin %30 altına indiğinde | C8: Sadece mesaj: "Bugün mola vermeyi düşün". Para hareketi önerilmez. | D8: Kaybı kovalama: kayıptan sonra risk artırma eğilimi en pahalı hatadır. | E8: drawdownPct = %30
A9: Hedef | B9: Her zaman | C9: Hedef ve toplam büyüme = oyundaki + kilitli. Günlük değişim = oyundaki kasa. Grafik: mavi oyundaki + üstünde yeşil kilitli, yanında kırmızı hedef. | D9: Kilitli para hedefe sayılmazsa kilitlemek cezalandırılmış olur ve kişi kilitlemekten kaçınır; sayılırsa ödül gibi hissedilir.
A10: Sonraki kilit | B10: Kilitleme önerisi yokken | C10: Tek cümle: "Sonraki kilit: kasan ~X € olunca." | D10: Sıradaki durağı önceden bilmek sürprizi ve anlık heyecanla karar vermeyi azaltır. Duraklar kasanın her ~2,3 katına çıkışında gelir; para algısı orantısal olduğu için (Weber-Fechner) eşit aralıklı hissedilir.
A11: Kullanıcı kontrolü | B11: Her zaman | C11: Kilitle / Geri al (tutar sorulur) / Son işlemi geri al. Aynı gün işlem yapıldıysa o gün yeni öneri çıkmaz. | D11: Kontrol kişide kalır; sistem sadece önerir.
A13: Kilitleme tutarı: x = (f·W − r·L0 − r·a·Kilitli) / (f + r·a) → sonrasında kupon f·(W−x) = r·(L0 + a·(Kilitli+x)). f = oynanan pay (Minimum %25, Medium/High %50), W = oyundaki kasa, L0 = seçilen rahat sınır, r = 0,25, a = 1,0. 100 € üstü 10'luk aşağı yuvarlanır.
A15: Durak sayısı nasıl belirleniyor?
A16: Durak sayısı sabit bir hedef değil; kuponun rahat sınırı geçtiği her an bir durak oluşur. Bu kurala göre duraklar kasanın her ~2,3 katına çıkışında gelir, yani para algısı açısından eşit aralıklıdır. Yolculuk ne kadar uzunsa (hedef/başlangıç oranı) o kadar durak çıkar: 20 kat → 2–3, 50 kat → 3–5, 200 kat → 4–6. Bu, kişiyi her gün rahatsız etmeden (en sık haftada bir) ama kupon büyüdükçe mutlaka durduracak bir sıklıktır. High riskte kasa hızlı büyüdüğü için duraklar daha sık gelir; hızlı yükselişin heyecanı da daha erken dengelenmiş olur. İlk durak çoğu planda kendiliğinden "anaparanı kilitle" olur (ör. 100 €'da 50 €).
A18: Plan (başlangıç → hedef, risk) | B18: Koçsuz: hedefe gün / en yüksek kupon | C18: Güven Payı ile: hedefe gün / en yüksek kupon | D18: Durak sayısı | E18: Duraklar (toplam kasa → kilitlenen)
A19: 50 → 10.000 €, Minimum | B19: 56 gün / 2.363 € | C19: 73 gün / 1.795 € | D19: 4 | E19: 209 → 79 · 621 → 200 · 1.710 → 550 · 4.507 → 1.390
A20: 50 → 10.000 €, Medium | B20: 38 gün / 4.403 € | C20: 65 gün / 3.078 € | D20: 6 | E20: 101 → 50 · 255 → 100 · 573 → 210 · 1.222 → 430 · 2.538 → 880 · 5.180 → 1.760
A21: 50 → 10.000 €, High | B21: 24 gün / 4.235 € | C21: 40 gün / 2.547 € | D21: 6 | E21: 122 → 64 · 341 → 140 · 726 → 260 · 1.714 → 660 · 3.939 → 1.480 · 8.972 → 3.360
A22: 100 → 5.000 €, Minimum | B22: 42 gün / 1.245 € | C22: 52 gün / 804 € | D22: 3 | E22: 418 → 150 · 1.167 → 380 · 3.190 → 1.010
A23: 100 → 5.000 €, Medium | B23: 28 gün / 2.177 € | C23: 46 gün / 1.484 € | D23: 5 | E23: 201 → 100 · 509 → 200 · 1.146 → 430 · 2.413 → 840 · 4.982 → 1.710
A24: 100 → 5.000 €, High | B24: 18 gün / 2.220 € | C24: 28 gün / 1.177 € | D24: 4 | E24: 244 → 120 · 594 → 240 · 1.474 → 580 · 3.485 → 1.340
A25: 50 → 1.000 €, Minimum | B25: 32 gün / 240 € | C25: 38 gün / 167 € | D25: 2 | E25: 209 → 79 · 621 → 200
A26: 50 → 1.000 €, Medium | B26: 22 gün / 471 € | C26: 33 gün / 283 € | D26: 3 | E26: 101 → 50 · 255 → 100 · 573 → 210
A27: 50 → 1.000 €, High | B27: 14 gün / 455 € | C27: 21 gün / 256 € | D27: 3 | E27: 122 → 64 · 341 → 140 · 726 → 260
A28: Kaynak: js/paper_engine.js getEICoach / eiProject, 2026-09-26; güvenli sınır = başlangıç kasası + kilitli para, her gün teorik büyüme gerçekleşirse. Güven Payı ile hedefe ulaşmak daha uzun sürer; karşılığında en yüksek kupon %24–47 küçülür ve yol boyunca kasanın bir kısmı kalıcı olarak güvende olur.
A30: Dış kaynaklar
A31: Kaynak | B31: Ne için | C31: Bağlantı
A32: Thaler & Johnson (1990), Management Science 36(6) | B32: Kasanın parası ve başa baş etkisi | C32: https://pubsonline.informs.org/doi/abs/10.1287/mnsc.36.6.643
A33: Thaler (1999), Mental Accounting Matters | B33: Zihinsel muhasebe: bütçe ve referans noktası | C33: https://www-apache.anderson.ucla.edu/faculty_pages/keith.chen/negot.%20papers/Thaler_MentalAccounting99.pdf
A34: Tversky & Kahneman (1992); kayıptan kaçınma meta-analizi | B34: Kayıp ≈ 2,25 × kazanç (bağlama göre değişir) | C34: https://www.sciencedirect.com/science/article/pii/S0167487024000485
A35: Weber & Chapman (2005), OBHDP | B35: Peanuts etkisi: tutar büyüdükçe temkin artar | C35: https://www.sciencedirect.com/science/article/abs/pii/S0749597805000361
A36: Lower-Risk Gambling Guidelines, CCSA (2021) | B36: Hanehalkı gelirinin aylık en fazla %1'i, ayda en fazla 4 gün | C36: https://gamblingguidelines.ca/lower-risk-gambling-guidelines/what-are-the-guidelines/
A37: Bahis kasa yönetimi rehberleri (ör. Covers) | B37: Profesyonel standart: bahis başına kasanın %1–5'i | C37: https://www.covers.com/guides/sports-betting-bank-roll-management-and-roi
A38: Not: Sitenin büyüme modeli günlük kasanın %25–50'si ile oynar; bu, profesyonel %1–5 standardının çok üstündedir. Güven Payı bu yüksek tempoyu değiştirmez; tempo nedeniyle büyüyen kupon tutarının yarattığı stresi sınırlar.
